ID,name,age,salary,address,gender,mobileNo
1,Paras,21,100000,#135 old bishan nagar patiala,male,8360386290
2,sanidhiya,25,1000000,#1366  rohini delhi,male,8754674737
3,yoo yep yoo,21,450000,#1988 bishan nagar patiala,male,8360999290
4,Infernape,21,10000,#1357 old nagar patiala,male,838789290
5,pikachu,5,100099,#13578 vintage ambala,male,838789290
6,Paras,21,100000,#135 old bishan nagar patiala,male,8360386290
7,sanidhiya,25,1000000,#1366  rohini delhi,male,8754674737
8,yoo yep yoo,21,450000,#1988 bishan nagar patiala,male,8360999290
9,Infernape,21,10000,#1357 old nagar patiala,male,838789290
10,pikachu,5,100099,#13578 vintage ambala,male,838789290
11,Paras,21,100000,#135 old bishan nagar patiala,male,8360386290
12,sanidhiya,25,1000000,#1366  rohini delhi,male,8754674737
13,yoo yep yoo,21,450000,#1988 bishan nagar patiala,male,8360999290
14,Infernape,21,10000,#1357 old nagar patiala,male,838789290
15,pikachu,5,100099,#13578 vintage ambala,male,838789290
16,Paras,21,100000,#135 old bishan nagar patiala,male,8360386290
17,sanidhiya,25,1000000,#1366  rohini delhi,male,8754674737
18,yoo yep yoo,21,450000,#1988 bishan nagar patiala,male,8360999290
19,Infernape,21,10000,#1357 old nagar patiala,male,838789290
20,pikachu,5,100099,#13578 vintage ambala,male,838789290
21,Paras,21,100000,#135 old bishan nagar patiala,male,8360386290
22,sanidhiya,25,1000000,#1366  rohini delhi,male,8754674737
23,yoo yep yoo,21,450000,#1988 bishan nagar patiala,male,8360999290
24,Infernape,21,10000,#1357 old nagar patiala,male,838789290
25,pikachu,5,100099,#13578 vintage ambala,male,838789290
26,Paras,21,100000,#135 old bishan nagar patiala,male,8360386290
27,sanidhiya,25,1000000,#1366  rohini delhi,male,8754674737
28,yoo yep yoo,21,450000,#1988 bishan nagar patiala,male,8360999290
29,Infernape,21,10000,#1357 old nagar patiala,male,838789290
30,pikachu,5,100099,#13578 vintage ambala,male,838789290
31,Paras,21,100000,#135 old bishan nagar patiala,male,8360386290
32,sanidhiya,25,1000000,#1366  rohini delhi,male,8754674737
33,yoo yep yoo,21,450000,#1988 bishan nagar patiala,male,8360999290
34,Infernape,21,10000,#1357 old nagar patiala,male,838789290
35,pikachu,5,100099,#13578 vintage ambala,male,838789290
36,Paras,21,100000,#135 old bishan nagar patiala,male,8360386290
37,sanidhiya,25,1000000,#1366  rohini delhi,male,8754674737
38,yoo yep yoo,21,450000,#1988 bishan nagar patiala,male,8360999290
39,Infernape,21,10000,#1357 old nagar patiala,male,838789290
40,pikachu,5,100099,#13578 vintage ambala,male,838789290
41,Paras,21,100000,#135 old bishan nagar patiala,male,8360386290
42,sanidhiya,25,1000000,#1366  rohini delhi,male,8754674737
43,yoo yep yoo,21,450000,#1988 bishan nagar patiala,male,8360999290
44,Infernape,21,10000,#1357 old nagar patiala,male,838789290
45,pikachu,5,100099,#13578 vintage ambala,male,838789290
46,Paras,21,100000,#135 old bishan nagar patiala,male,8360386290
47,sanidhiya,25,1000000,#1366  rohini delhi,male,8754674737
48,yoo yep yoo,21,450000,#1988 bishan nagar patiala,male,8360999290
49,Infernape,21,10000,#1357 old nagar patiala,male,838789290
50,pikachu,5,100099,#13578 vintage ambala,male,838789290
51,Paras,21,100000,#135 old bishan nagar patiala,male,8360386290
52,sanidhiya,25,1000000,#1366  rohini delhi,male,8754674737
53,yoo yep yoo,21,450000,#1988 bishan nagar patiala,male,8360999290
54,Infernape,21,10000,#1357 old nagar patiala,male,838789290
55,pikachu,5,100099,#13578 vintage ambala,male,838789290
56,Paras,21,100000,#135 old bishan nagar patiala,male,8360386290
57,sanidhiya,25,1000000,#1366  rohini delhi,male,8754674737
58,yoo yep yoo,21,450000,#1988 bishan nagar patiala,male,8360999290
59,Infernape,21,10000,#1357 old nagar patiala,male,838789290
60,pikachu,5,100099,#13578 vintage ambala,male,838789290
61,Paras,21,100000,#135 old bishan nagar patiala,male,8360386290
62,sanidhiya,25,1000000,#1366  rohini delhi,male,8754674737
63,yoo yep yoo,21,450000,#1988 bishan nagar patiala,male,8360999290
64,Infernape,21,10000,#1357 old nagar patiala,male,838789290
65,pikachu,5,100099,#13578 vintage ambala,male,838789290
66,Paras,21,100000,#135 old bishan nagar patiala,male,8360386290
67,sanidhiya,25,1000000,#1366  rohini delhi,male,8754674737
68,yoo yep yoo,21,450000,#1988 bishan nagar patiala,male,8360999290
69,Infernape,21,10000,#1357 old nagar patiala,male,838789290
70,pikachu,5,100099,#13578 vintage ambala,male,838789290
71,Paras,21,100000,#135 old bishan nagar patiala,male,8360386290
72,sanidhiya,25,1000000,#1366  rohini delhi,male,8754674737
73,yoo yep yoo,21,450000,#1988 bishan nagar patiala,male,8360999290
74,Infernape,21,10000,#1357 old nagar patiala,male,838789290
75,pikachu,5,100099,#13578 vintage ambala,male,838789290
76,Paras,21,100000,#135 old bishan nagar patiala,male,8360386290
77,sanidhiya,25,1000000,#1366  rohini delhi,male,8754674737
78,yoo yep yoo,21,450000,#1988 bishan nagar patiala,male,8360999290
79,Infernape,21,10000,#1357 old nagar patiala,male,838789290
80,pikachu,5,100099,#13578 vintage ambala,male,838789290
81,Paras,21,100000,#135 old bishan nagar patiala,male,8360386290
82,sanidhiya,25,1000000,#1366  rohini delhi,male,8754674737
83,yoo yep yoo,21,450000,#1988 bishan nagar patiala,male,8360999290
84,Infernape,21,10000,#1357 old nagar patiala,male,838789290
85,pikachu,5,100099,#13578 vintage ambala,male,838789290
86,Paras,21,100000,#135 old bishan nagar patiala,male,8360386290
87,sanidhiya,25,1000000,#1366  rohini delhi,male,8754674737
88,yoo yep yoo,21,450000,#1988 bishan nagar patiala,male,8360999290
89,Infernape,21,10000,#1357 old nagar patiala,male,838789290
90,pikachu,5,100099,#13578 vintage ambala,male,838789290
91,Paras,21,100000,#135 old bishan nagar patiala,male,8360386290
92,sanidhiya,25,1000000,#1366  rohini delhi,male,8754674737
93,yoo yep yoo,21,450000,#1988 bishan nagar patiala,male,8360999290
94,Infernape,21,10000,#1357 old nagar patiala,male,838789290
95,pikachu,5,100099,#13578 vintage ambala,male,838789290
96,Paras,21,100000,#135 old bishan nagar patiala,male,8360386290
97,sanidhiya,25,1000000,#1366  rohini delhi,male,8754674737
98,yoo yep yoo,21,450000,#1988 bishan nagar patiala,male,8360999290
99,Infernape,21,10000,#1357 old nagar patiala,male,838789290
100,pikachu,5,100099,#13578 vintage ambala,male,838789290
101,Paras,21,100000,#135 old bishan nagar patiala,male,8360386290
102,sanidhiya,25,1000000,#1366  rohini delhi,male,8754674737
103,yoo yep yoo,21,450000,#1988 bishan nagar patiala,male,8360999290
104,Infernape,21,10000,#1357 old nagar patiala,male,838789290
105,pikachu,5,100099,#13578 vintage ambala,male,838789290
106,Paras,21,100000,#135 old bishan nagar patiala,male,8360386290
107,sanidhiya,25,1000000,#1366  rohini delhi,male,8754674737
108,yoo yep yoo,21,450000,#1988 bishan nagar patiala,male,8360999290
109,Infernape,21,10000,#1357 old nagar patiala,male,838789290
110,pikachu,5,100099,#13578 vintage ambala,male,838789290
111,Paras,21,100000,#135 old bishan nagar patiala,male,8360386290
112,sanidhiya,25,1000000,#1366  rohini delhi,male,8754674737
113,yoo yep yoo,21,450000,#1988 bishan nagar patiala,male,8360999290
114,Infernape,21,10000,#1357 old nagar patiala,male,838789290
115,pikachu,5,100099,#13578 vintage ambala,male,838789290
116,Paras,21,100000,#135 old bishan nagar patiala,male,8360386290
117,sanidhiya,25,1000000,#1366  rohini delhi,male,8754674737
118,yoo yep yoo,21,450000,#1988 bishan nagar patiala,male,8360999290
119,Infernape,21,10000,#1357 old nagar patiala,male,838789290
120,pikachu,5,100099,#13578 vintage ambala,male,838789290
121,Paras,21,100000,#135 old bishan nagar patiala,male,8360386290
122,sanidhiya,25,1000000,#1366  rohini delhi,male,8754674737
123,yoo yep yoo,21,450000,#1988 bishan nagar patiala,male,8360999290
124,Infernape,21,10000,#1357 old nagar patiala,male,838789290
125,pikachu,5,100099,#13578 vintage ambala,male,838789290
126,Paras,21,100000,#135 old bishan nagar patiala,male,8360386290
127,sanidhiya,25,1000000,#1366  rohini delhi,male,8754674737
128,yoo yep yoo,21,450000,#1988 bishan nagar patiala,male,8360999290
129,Infernape,21,10000,#1357 old nagar patiala,male,838789290
130,pikachu,5,100099,#13578 vintage ambala,male,838789290
131,Paras,21,100000,#135 old bishan nagar patiala,male,8360386290
132,sanidhiya,25,1000000,#1366  rohini delhi,male,8754674737
133,yoo yep yoo,21,450000,#1988 bishan nagar patiala,male,8360999290
134,Infernape,21,10000,#1357 old nagar patiala,male,838789290
135,pikachu,5,100099,#13578 vintage ambala,male,838789290
136,Paras,21,100000,#135 old bishan nagar patiala,male,8360386290
137,sanidhiya,25,1000000,#1366  rohini delhi,male,8754674737
138,yoo yep yoo,21,450000,#1988 bishan nagar patiala,male,8360999290
139,Infernape,21,10000,#1357 old nagar patiala,male,838789290
140,pikachu,5,100099,#13578 vintage ambala,male,838789290
141,Paras,21,100000,#135 old bishan nagar patiala,male,8360386290
142,sanidhiya,25,1000000,#1366  rohini delhi,male,8754674737
143,yoo yep yoo,21,450000,#1988 bishan nagar patiala,male,8360999290
144,Infernape,21,10000,#1357 old nagar patiala,male,838789290
145,pikachu,5,100099,#13578 vintage ambala,male,838789290
146,Paras,21,100000,#135 old bishan nagar patiala,male,8360386290
147,sanidhiya,25,1000000,#1366  rohini delhi,male,8754674737
148,yoo yep yoo,21,450000,#1988 bishan nagar patiala,male,8360999290
149,Infernape,21,10000,#1357 old nagar patiala,male,838789290
150,pikachu,5,100099,#13578 vintage ambala,male,838789290
151,Paras,21,100000,#135 old bishan nagar patiala,male,8360386290
152,sanidhiya,25,1000000,#1366  rohini delhi,male,8754674737
153,yoo yep yoo,21,450000,#1988 bishan nagar patiala,male,8360999290
154,Infernape,21,10000,#1357 old nagar patiala,male,838789290
155,pikachu,5,100099,#13578 vintage ambala,male,838789290
156,Paras,21,100000,#135 old bishan nagar patiala,male,8360386290
157,sanidhiya,25,1000000,#1366  rohini delhi,male,8754674737
158,yoo yep yoo,21,450000,#1988 bishan nagar patiala,male,8360999290
159,Infernape,21,10000,#1357 old nagar patiala,male,838789290
160,pikachu,5,100099,#13578 vintage ambala,male,838789290
161,Paras,21,100000,#135 old bishan nagar patiala,male,8360386290
162,sanidhiya,25,1000000,#1366  rohini delhi,male,8754674737
163,yoo yep yoo,21,450000,#1988 bishan nagar patiala,male,8360999290
164,Infernape,21,10000,#1357 old nagar patiala,male,838789290
165,pikachu,5,100099,#13578 vintage ambala,male,838789290
166,Paras,21,100000,#135 old bishan nagar patiala,male,8360386290
167,sanidhiya,25,1000000,#1366  rohini delhi,male,8754674737
168,yoo yep yoo,21,450000,#1988 bishan nagar patiala,male,8360999290
169,Infernape,21,10000,#1357 old nagar patiala,male,838789290
170,pikachu,5,100099,#13578 vintage ambala,male,838789290
171,Paras,21,100000,#135 old bishan nagar patiala,male,8360386290
172,sanidhiya,25,1000000,#1366  rohini delhi,male,8754674737
173,yoo yep yoo,21,450000,#1988 bishan nagar patiala,male,8360999290
174,Infernape,21,10000,#1357 old nagar patiala,male,838789290
175,pikachu,5,100099,#13578 vintage ambala,male,838789290
176,Paras,21,100000,#135 old bishan nagar patiala,male,8360386290
177,sanidhiya,25,1000000,#1366  rohini delhi,male,8754674737
178,yoo yep yoo,21,450000,#1988 bishan nagar patiala,male,8360999290
179,Infernape,21,10000,#1357 old nagar patiala,male,838789290
180,pikachu,5,100099,#13578 vintage ambala,male,838789290
181,Paras,21,100000,#135 old bishan nagar patiala,male,8360386290
182,sanidhiya,25,1000000,#1366  rohini delhi,male,8754674737
183,yoo yep yoo,21,450000,#1988 bishan nagar patiala,male,8360999290
184,Infernape,21,10000,#1357 old nagar patiala,male,838789290
185,pikachu,5,100099,#13578 vintage ambala,male,838789290
186,Paras,21,100000,#135 old bishan nagar patiala,male,8360386290
187,sanidhiya,25,1000000,#1366  rohini delhi,male,8754674737
188,yoo yep yoo,21,450000,#1988 bishan nagar patiala,male,8360999290
189,Infernape,21,10000,#1357 old nagar patiala,male,838789290
190,pikachu,5,100099,#13578 vintage ambala,male,838789290
191,Paras,21,100000,#135 old bishan nagar patiala,male,8360386290
192,sanidhiya,25,1000000,#1366  rohini delhi,male,8754674737
193,yoo yep yoo,21,450000,#1988 bishan nagar patiala,male,8360999290
194,Infernape,21,10000,#1357 old nagar patiala,male,838789290
195,pikachu,5,100099,#13578 vintage ambala,male,838789290
196,Paras,21,100000,#135 old bishan nagar patiala,male,8360386290
197,sanidhiya,25,1000000,#1366  rohini delhi,male,8754674737
198,yoo yep yoo,21,450000,#1988 bishan nagar patiala,male,8360999290
199,Infernape,21,10000,#1357 old nagar patiala,male,838789290
200,pikachu,5,100099,#13578 vintage ambala,male,838789290
201,Paras,21,100000,#135 old bishan nagar patiala,male,8360386290
202,sanidhiya,25,1000000,#1366  rohini delhi,male,8754674737
203,yoo yep yoo,21,450000,#1988 bishan nagar patiala,male,8360999290
204,Infernape,21,10000,#1357 old nagar patiala,male,838789290
205,pikachu,5,100099,#13578 vintage ambala,male,838789290
206,Paras,21,100000,#135 old bishan nagar patiala,male,8360386290
207,sanidhiya,25,1000000,#1366  rohini delhi,male,8754674737
208,yoo yep yoo,21,450000,#1988 bishan nagar patiala,male,8360999290
209,Infernape,21,10000,#1357 old nagar patiala,male,838789290
210,pikachu,5,100099,#13578 vintage ambala,male,838789290
211,Paras,21,100000,#135 old bishan nagar patiala,male,8360386290
212,sanidhiya,25,1000000,#1366  rohini delhi,male,8754674737
213,yoo yep yoo,21,450000,#1988 bishan nagar patiala,male,8360999290
214,Infernape,21,10000,#1357 old nagar patiala,male,838789290
215,pikachu,5,100099,#13578 vintage ambala,male,838789290
216,Paras,21,100000,#135 old bishan nagar patiala,male,8360386290
217,sanidhiya,25,1000000,#1366  rohini delhi,male,8754674737
218,yoo yep yoo,21,450000,#1988 bishan nagar patiala,male,8360999290
219,Infernape,21,10000,#1357 old nagar patiala,male,838789290
220,pikachu,5,100099,#13578 vintage ambala,male,838789290
221,Paras,21,100000,#135 old bishan nagar patiala,male,8360386290
222,sanidhiya,25,1000000,#1366  rohini delhi,male,8754674737
223,yoo yep yoo,21,450000,#1988 bishan nagar patiala,male,8360999290
224,Infernape,21,10000,#1357 old nagar patiala,male,838789290
225,pikachu,5,100099,#13578 vintage ambala,male,838789290
226,Paras,21,100000,#135 old bishan nagar patiala,male,8360386290
227,sanidhiya,25,1000000,#1366  rohini delhi,male,8754674737
228,yoo yep yoo,21,450000,#1988 bishan nagar patiala,male,8360999290
229,Infernape,21,10000,#1357 old nagar patiala,male,838789290
230,pikachu,5,100099,#13578 vintage ambala,male,838789290
231,Paras,21,100000,#135 old bishan nagar patiala,male,8360386290
232,sanidhiya,25,1000000,#1366  rohini delhi,male,8754674737
233,yoo yep yoo,21,450000,#1988 bishan nagar patiala,male,8360999290
234,Infernape,21,10000,#1357 old nagar patiala,male,838789290
235,pikachu,5,100099,#13578 vintage ambala,male,838789290
236,Paras,21,100000,#135 old bishan nagar patiala,male,8360386290
237,sanidhiya,25,1000000,#1366  rohini delhi,male,8754674737
238,yoo yep yoo,21,450000,#1988 bishan nagar patiala,male,8360999290
239,Infernape,21,10000,#1357 old nagar patiala,male,838789290
240,pikachu,5,100099,#13578 vintage ambala,male,838789290
241,Paras,21,100000,#135 old bishan nagar patiala,male,8360386290
242,sanidhiya,25,1000000,#1366  rohini delhi,male,8754674737
243,yoo yep yoo,21,450000,#1988 bishan nagar patiala,male,8360999290
244,Infernape,21,10000,#1357 old nagar patiala,male,838789290
245,pikachu,5,100099,#13578 vintage ambala,male,838789290
246,Paras,21,100000,#135 old bishan nagar patiala,male,8360386290
247,sanidhiya,25,1000000,#1366  rohini delhi,male,8754674737
248,yoo yep yoo,21,450000,#1988 bishan nagar patiala,male,8360999290
249,Infernape,21,10000,#1357 old nagar patiala,male,838789290
250,pikachu,5,100099,#13578 vintage ambala,male,838789290
251,Paras,21,100000,#135 old bishan nagar patiala,male,8360386290
252,sanidhiya,25,1000000,#1366  rohini delhi,male,8754674737
253,yoo yep yoo,21,450000,#1988 bishan nagar patiala,male,8360999290
254,Infernape,21,10000,#1357 old nagar patiala,male,838789290
255,pikachu,5,100099,#13578 vintage ambala,male,838789290
256,Paras,21,100000,#135 old bishan nagar patiala,male,8360386290
257,sanidhiya,25,1000000,#1366  rohini delhi,male,8754674737
258,yoo yep yoo,21,450000,#1988 bishan nagar patiala,male,8360999290
259,Infernape,21,10000,#1357 old nagar patiala,male,838789290
260,pikachu,5,100099,#13578 vintage ambala,male,838789290
261,Paras,21,100000,#135 old bishan nagar patiala,male,8360386290
262,sanidhiya,25,1000000,#1366  rohini delhi,male,8754674737
263,yoo yep yoo,21,450000,#1988 bishan nagar patiala,male,8360999290
264,Infernape,21,10000,#1357 old nagar patiala,male,838789290
265,pikachu,5,100099,#13578 vintage ambala,male,838789290
266,Paras,21,100000,#135 old bishan nagar patiala,male,8360386290
267,sanidhiya,25,1000000,#1366  rohini delhi,male,8754674737
268,yoo yep yoo,21,450000,#1988 bishan nagar patiala,male,8360999290
269,Infernape,21,10000,#1357 old nagar patiala,male,838789290
270,pikachu,5,100099,#13578 vintage ambala,male,838789290
271,Paras,21,100000,#135 old bishan nagar patiala,male,8360386290
272,sanidhiya,25,1000000,#1366  rohini delhi,male,8754674737
273,yoo yep yoo,21,450000,#1988 bishan nagar patiala,male,8360999290
274,Infernape,21,10000,#1357 old nagar patiala,male,838789290
275,pikachu,5,100099,#13578 vintage ambala,male,838789290
276,Paras,21,100000,#135 old bishan nagar patiala,male,8360386290
277,sanidhiya,25,1000000,#1366  rohini delhi,male,8754674737
278,yoo yep yoo,21,450000,#1988 bishan nagar patiala,male,8360999290
279,Infernape,21,10000,#1357 old nagar patiala,male,838789290
280,pikachu,5,100099,#13578 vintage ambala,male,838789290
281,Paras,21,100000,#135 old bishan nagar patiala,male,8360386290
282,sanidhiya,25,1000000,#1366  rohini delhi,male,8754674737
283,yoo yep yoo,21,450000,#1988 bishan nagar patiala,male,8360999290
284,Infernape,21,10000,#1357 old nagar patiala,male,838789290
285,pikachu,5,100099,#13578 vintage ambala,male,838789290
286,Paras,21,100000,#135 old bishan nagar patiala,male,8360386290
287,sanidhiya,25,1000000,#1366  rohini delhi,male,8754674737
288,yoo yep yoo,21,450000,#1988 bishan nagar patiala,male,8360999290
289,Infernape,21,10000,#1357 old nagar patiala,male,838789290
290,pikachu,5,100099,#13578 vintage ambala,male,838789290
291,Paras,21,100000,#135 old bishan nagar patiala,male,8360386290
292,sanidhiya,25,1000000,#1366  rohini delhi,male,8754674737
293,yoo yep yoo,21,450000,#1988 bishan nagar patiala,male,8360999290
294,Infernape,21,10000,#1357 old nagar patiala,male,838789290
295,pikachu,5,100099,#13578 vintage ambala,male,838789290
296,Paras,21,100000,#135 old bishan nagar patiala,male,8360386290
297,sanidhiya,25,1000000,#1366  rohini delhi,male,8754674737
298,yoo yep yoo,21,450000,#1988 bishan nagar patiala,male,8360999290
299,Infernape,21,10000,#1357 old nagar patiala,male,838789290
300,pikachu,5,100099,#13578 vintage ambala,male,838789290
301,Paras,21,100000,#135 old bishan nagar patiala,male,8360386290
302,sanidhiya,25,1000000,#1366  rohini delhi,male,8754674737
303,yoo yep yoo,21,450000,#1988 bishan nagar patiala,male,8360999290
304,Infernape,21,10000,#1357 old nagar patiala,male,838789290
305,pikachu,5,100099,#13578 vintage ambala,male,838789290
306,Paras,21,100000,#135 old bishan nagar patiala,male,8360386290
307,sanidhiya,25,1000000,#1366  rohini delhi,male,8754674737
308,yoo yep yoo,21,450000,#1988 bishan nagar patiala,male,8360999290
309,Infernape,21,10000,#1357 old nagar patiala,male,838789290
310,pikachu,5,100099,#13578 vintage ambala,male,838789290
311,Paras,21,100000,#135 old bishan nagar patiala,male,8360386290
312,sanidhiya,25,1000000,#1366  rohini delhi,male,8754674737
313,yoo yep yoo,21,450000,#1988 bishan nagar patiala,male,8360999290
314,Infernape,21,10000,#1357 old nagar patiala,male,838789290
315,pikachu,5,100099,#13578 vintage ambala,male,838789290
316,Paras,21,100000,#135 old bishan nagar patiala,male,8360386290
317,sanidhiya,25,1000000,#1366  rohini delhi,male,8754674737
318,yoo yep yoo,21,450000,#1988 bishan nagar patiala,male,8360999290
319,Infernape,21,10000,#1357 old nagar patiala,male,838789290
320,pikachu,5,100099,#13578 vintage ambala,male,838789290
321,Paras,21,100000,#135 old bishan nagar patiala,male,8360386290
322,sanidhiya,25,1000000,#1366  rohini delhi,male,8754674737
323,yoo yep yoo,21,450000,#1988 bishan nagar patiala,male,8360999290
324,Infernape,21,10000,#1357 old nagar patiala,male,838789290
325,pikachu,5,100099,#13578 vintage ambala,male,838789290
326,Paras,21,100000,#135 old bishan nagar patiala,male,8360386290
327,sanidhiya,25,1000000,#1366  rohini delhi,male,8754674737
328,yoo yep yoo,21,450000,#1988 bishan nagar patiala,male,8360999290
329,Infernape,21,10000,#1357 old nagar patiala,male,838789290
330,pikachu,5,100099,#13578 vintage ambala,male,838789290
331,Paras,21,100000,#135 old bishan nagar patiala,male,8360386290
332,sanidhiya,25,1000000,#1366  rohini delhi,male,8754674737
333,yoo yep yoo,21,450000,#1988 bishan nagar patiala,male,8360999290
334,Infernape,21,10000,#1357 old nagar patiala,male,838789290
335,pikachu,5,100099,#13578 vintage ambala,male,838789290
336,Paras,21,100000,#135 old bishan nagar patiala,male,8360386290
337,sanidhiya,25,1000000,#1366  rohini delhi,male,8754674737
338,yoo yep yoo,21,450000,#1988 bishan nagar patiala,male,8360999290
339,Infernape,21,10000,#1357 old nagar patiala,male,838789290
340,pikachu,5,100099,#13578 vintage ambala,male,838789290
341,Paras,21,100000,#135 old bishan nagar patiala,male,8360386290
342,sanidhiya,25,1000000,#1366  rohini delhi,male,8754674737
343,yoo yep yoo,21,450000,#1988 bishan nagar patiala,male,8360999290
344,Infernape,21,10000,#1357 old nagar patiala,male,838789290
345,pikachu,5,100099,#13578 vintage ambala,male,838789290
346,Paras,21,100000,#135 old bishan nagar patiala,male,8360386290
347,sanidhiya,25,1000000,#1366  rohini delhi,male,8754674737
348,yoo yep yoo,21,450000,#1988 bishan nagar patiala,male,8360999290
349,Infernape,21,10000,#1357 old nagar patiala,male,838789290
350,pikachu,5,100099,#13578 vintage ambala,male,838789290
351,Paras,21,100000,#135 old bishan nagar patiala,male,8360386290
352,sanidhiya,25,1000000,#1366  rohini delhi,male,8754674737
353,yoo yep yoo,21,450000,#1988 bishan nagar patiala,male,8360999290
354,Infernape,21,10000,#1357 old nagar patiala,male,838789290
355,pikachu,5,100099,#13578 vintage ambala,male,838789290
356,Paras,21,100000,#135 old bishan nagar patiala,male,8360386290
357,sanidhiya,25,1000000,#1366  rohini delhi,male,8754674737
358,yoo yep yoo,21,450000,#1988 bishan nagar patiala,male,8360999290
359,Infernape,21,10000,#1357 old nagar patiala,male,838789290
360,pikachu,5,100099,#13578 vintage ambala,male,838789290
361,Paras,21,100000,#135 old bishan nagar patiala,male,8360386290
362,sanidhiya,25,1000000,#1366  rohini delhi,male,8754674737
363,yoo yep yoo,21,450000,#1988 bishan nagar patiala,male,8360999290
364,Infernape,21,10000,#1357 old nagar patiala,male,838789290
365,pikachu,5,100099,#13578 vintage ambala,male,838789290
366,Paras,21,100000,#135 old bishan nagar patiala,male,8360386290
367,sanidhiya,25,1000000,#1366  rohini delhi,male,8754674737
368,yoo yep yoo,21,450000,#1988 bishan nagar patiala,male,8360999290
369,Infernape,21,10000,#1357 old nagar patiala,male,838789290
370,pikachu,5,100099,#13578 vintage ambala,male,838789290
371,Paras,21,100000,#135 old bishan nagar patiala,male,8360386290
372,sanidhiya,25,1000000,#1366  rohini delhi,male,8754674737
373,yoo yep yoo,21,450000,#1988 bishan nagar patiala,male,8360999290
374,Infernape,21,10000,#1357 old nagar patiala,male,838789290
375,pikachu,5,100099,#13578 vintage ambala,male,838789290
376,Paras,21,100000,#135 old bishan nagar patiala,male,8360386290
377,sanidhiya,25,1000000,#1366  rohini delhi,male,8754674737
378,yoo yep yoo,21,450000,#1988 bishan nagar patiala,male,8360999290
379,Infernape,21,10000,#1357 old nagar patiala,male,838789290
380,pikachu,5,100099,#13578 vintage ambala,male,838789290
381,Paras,21,100000,#135 old bishan nagar patiala,male,8360386290
382,sanidhiya,25,1000000,#1366  rohini delhi,male,8754674737
383,yoo yep yoo,21,450000,#1988 bishan nagar patiala,male,8360999290
384,Infernape,21,10000,#1357 old nagar patiala,male,838789290
385,pikachu,5,100099,#13578 vintage ambala,male,838789290
386,Paras,21,100000,#135 old bishan nagar patiala,male,8360386290
387,sanidhiya,25,1000000,#1366  rohini delhi,male,8754674737
388,yoo yep yoo,21,450000,#1988 bishan nagar patiala,male,8360999290
389,Infernape,21,10000,#1357 old nagar patiala,male,838789290
390,pikachu,5,100099,#13578 vintage ambala,male,838789290
391,Paras,21,100000,#135 old bishan nagar patiala,male,8360386290
392,sanidhiya,25,1000000,#1366  rohini delhi,male,8754674737
393,yoo yep yoo,21,450000,#1988 bishan nagar patiala,male,8360999290
394,Infernape,21,10000,#1357 old nagar patiala,male,838789290
395,pikachu,5,100099,#13578 vintage ambala,male,838789290
396,Paras,21,100000,#135 old bishan nagar patiala,male,8360386290
397,sanidhiya,25,1000000,#1366  rohini delhi,male,8754674737
398,yoo yep yoo,21,450000,#1988 bishan nagar patiala,male,8360999290
399,Infernape,21,10000,#1357 old nagar patiala,male,838789290
400,pikachu,5,100099,#13578 vintage ambala,male,838789290
401,Paras,21,100000,#135 old bishan nagar patiala,male,8360386290
402,sanidhiya,25,1000000,#1366  rohini delhi,male,8754674737
403,yoo yep yoo,21,450000,#1988 bishan nagar patiala,male,8360999290
404,Infernape,21,10000,#1357 old nagar patiala,male,838789290
405,pikachu,5,100099,#13578 vintage ambala,male,838789290
406,Paras,21,100000,#135 old bishan nagar patiala,male,8360386290
407,sanidhiya,25,1000000,#1366  rohini delhi,male,8754674737
408,yoo yep yoo,21,450000,#1988 bishan nagar patiala,male,8360999290
409,Infernape,21,10000,#1357 old nagar patiala,male,838789290
410,pikachu,5,100099,#13578 vintage ambala,male,838789290
411,Paras,21,100000,#135 old bishan nagar patiala,male,8360386290
412,sanidhiya,25,1000000,#1366  rohini delhi,male,8754674737
413,yoo yep yoo,21,450000,#1988 bishan nagar patiala,male,8360999290
414,Infernape,21,10000,#1357 old nagar patiala,male,838789290
415,pikachu,5,100099,#13578 vintage ambala,male,838789290
416,Paras,21,100000,#135 old bishan nagar patiala,male,8360386290
417,sanidhiya,25,1000000,#1366  rohini delhi,male,8754674737
418,yoo yep yoo,21,450000,#1988 bishan nagar patiala,male,8360999290
419,Infernape,21,10000,#1357 old nagar patiala,male,838789290
420,pikachu,5,100099,#13578 vintage ambala,male,838789290
421,Paras,21,100000,#135 old bishan nagar patiala,male,8360386290
422,sanidhiya,25,1000000,#1366  rohini delhi,male,8754674737
423,yoo yep yoo,21,450000,#1988 bishan nagar patiala,male,8360999290
424,Infernape,21,10000,#1357 old nagar patiala,male,838789290
425,pikachu,5,100099,#13578 vintage ambala,male,838789290
426,Paras,21,100000,#135 old bishan nagar patiala,male,8360386290
427,sanidhiya,25,1000000,#1366  rohini delhi,male,8754674737
428,yoo yep yoo,21,450000,#1988 bishan nagar patiala,male,8360999290
429,Infernape,21,10000,#1357 old nagar patiala,male,838789290
430,pikachu,5,100099,#13578 vintage ambala,male,838789290
431,Paras,21,100000,#135 old bishan nagar patiala,male,8360386290
432,sanidhiya,25,1000000,#1366  rohini delhi,male,8754674737
433,yoo yep yoo,21,450000,#1988 bishan nagar patiala,male,8360999290
434,Infernape,21,10000,#1357 old nagar patiala,male,838789290
435,pikachu,5,100099,#13578 vintage ambala,male,838789290
436,Paras,21,100000,#135 old bishan nagar patiala,male,8360386290
437,sanidhiya,25,1000000,#1366  rohini delhi,male,8754674737
438,yoo yep yoo,21,450000,#1988 bishan nagar patiala,male,8360999290
439,Infernape,21,10000,#1357 old nagar patiala,male,838789290
440,pikachu,5,100099,#13578 vintage ambala,male,838789290
441,Paras,21,100000,#135 old bishan nagar patiala,male,8360386290
442,sanidhiya,25,1000000,#1366  rohini delhi,male,8754674737
443,yoo yep yoo,21,450000,#1988 bishan nagar patiala,male,8360999290
444,Infernape,21,10000,#1357 old nagar patiala,male,838789290
445,pikachu,5,100099,#13578 vintage ambala,male,838789290
446,Paras,21,100000,#135 old bishan nagar patiala,male,8360386290
447,sanidhiya,25,1000000,#1366  rohini delhi,male,8754674737
448,yoo yep yoo,21,450000,#1988 bishan nagar patiala,male,8360999290
449,Infernape,21,10000,#1357 old nagar patiala,male,838789290
450,pikachu,5,100099,#13578 vintage ambala,male,838789290
451,Paras,21,100000,#135 old bishan nagar patiala,male,8360386290
452,sanidhiya,25,1000000,#1366  rohini delhi,male,8754674737
453,yoo yep yoo,21,450000,#1988 bishan nagar patiala,male,8360999290
454,Infernape,21,10000,#1357 old nagar patiala,male,838789290
455,pikachu,5,100099,#13578 vintage ambala,male,838789290
456,Paras,21,100000,#135 old bishan nagar patiala,male,8360386290
457,sanidhiya,25,1000000,#1366  rohini delhi,male,8754674737
458,yoo yep yoo,21,450000,#1988 bishan nagar patiala,male,8360999290
459,Infernape,21,10000,#1357 old nagar patiala,male,838789290
460,pikachu,5,100099,#13578 vintage ambala,male,838789290
461,Paras,21,100000,#135 old bishan nagar patiala,male,8360386290
462,sanidhiya,25,1000000,#1366  rohini delhi,male,8754674737
463,yoo yep yoo,21,450000,#1988 bishan nagar patiala,male,8360999290
464,Infernape,21,10000,#1357 old nagar patiala,male,838789290
465,pikachu,5,100099,#13578 vintage ambala,male,838789290
466,Paras,21,100000,#135 old bishan nagar patiala,male,8360386290
467,sanidhiya,25,1000000,#1366  rohini delhi,male,8754674737
468,yoo yep yoo,21,450000,#1988 bishan nagar patiala,male,8360999290
469,Infernape,21,10000,#1357 old nagar patiala,male,838789290
470,pikachu,5,100099,#13578 vintage ambala,male,838789290
471,Paras,21,100000,#135 old bishan nagar patiala,male,8360386290
472,sanidhiya,25,1000000,#1366  rohini delhi,male,8754674737
473,yoo yep yoo,21,450000,#1988 bishan nagar patiala,male,8360999290
474,Infernape,21,10000,#1357 old nagar patiala,male,838789290
475,pikachu,5,100099,#13578 vintage ambala,male,838789290
476,Paras,21,100000,#135 old bishan nagar patiala,male,8360386290
477,sanidhiya,25,1000000,#1366  rohini delhi,male,8754674737
478,yoo yep yoo,21,450000,#1988 bishan nagar patiala,male,8360999290
479,Infernape,21,10000,#1357 old nagar patiala,male,838789290
480,pikachu,5,100099,#13578 vintage ambala,male,838789290
481,Paras,21,100000,#135 old bishan nagar patiala,male,8360386290
482,sanidhiya,25,1000000,#1366  rohini delhi,male,8754674737
483,yoo yep yoo,21,450000,#1988 bishan nagar patiala,male,8360999290
484,Infernape,21,10000,#1357 old nagar patiala,male,838789290
485,pikachu,5,100099,#13578 vintage ambala,male,838789290
486,Paras,21,100000,#135 old bishan nagar patiala,male,8360386290
487,sanidhiya,25,1000000,#1366  rohini delhi,male,8754674737
488,yoo yep yoo,21,450000,#1988 bishan nagar patiala,male,8360999290
489,Infernape,21,10000,#1357 old nagar patiala,male,838789290
490,pikachu,5,100099,#13578 vintage ambala,male,838789290
491,Paras,21,100000,#135 old bishan nagar patiala,male,8360386290
492,sanidhiya,25,1000000,#1366  rohini delhi,male,8754674737
493,yoo yep yoo,21,450000,#1988 bishan nagar patiala,male,8360999290
494,Infernape,21,10000,#1357 old nagar patiala,male,838789290
495,pikachu,5,100099,#13578 vintage ambala,male,838789290
496,Paras,21,100000,#135 old bishan nagar patiala,male,8360386290
497,sanidhiya,25,1000000,#1366  rohini delhi,male,8754674737
498,yoo yep yoo,21,450000,#1988 bishan nagar patiala,male,8360999290
499,Infernape,21,10000,#1357 old nagar patiala,male,838789290
500,pikachu,5,100099,#13578 vintage ambala,male,838789290
501,Paras,21,100000,#135 old bishan nagar patiala,male,8360386290
502,sanidhiya,25,1000000,#1366  rohini delhi,male,8754674737
503,yoo yep yoo,21,450000,#1988 bishan nagar patiala,male,8360999290
504,Infernape,21,10000,#1357 old nagar patiala,male,838789290
505,pikachu,5,100099,#13578 vintage ambala,male,838789290
506,Paras,21,100000,#135 old bishan nagar patiala,male,8360386290
507,sanidhiya,25,1000000,#1366  rohini delhi,male,8754674737
508,yoo yep yoo,21,450000,#1988 bishan nagar patiala,male,8360999290
509,Infernape,21,10000,#1357 old nagar patiala,male,838789290
510,pikachu,5,100099,#13578 vintage ambala,male,838789290
511,Paras,21,100000,#135 old bishan nagar patiala,male,8360386290
512,sanidhiya,25,1000000,#1366  rohini delhi,male,8754674737
513,yoo yep yoo,21,450000,#1988 bishan nagar patiala,male,8360999290
514,Infernape,21,10000,#1357 old nagar patiala,male,838789290
515,pikachu,5,100099,#13578 vintage ambala,male,838789290
516,Paras,21,100000,#135 old bishan nagar patiala,male,8360386290
517,sanidhiya,25,1000000,#1366  rohini delhi,male,8754674737
518,yoo yep yoo,21,450000,#1988 bishan nagar patiala,male,8360999290
519,Infernape,21,10000,#1357 old nagar patiala,male,838789290
520,pikachu,5,100099,#13578 vintage ambala,male,838789290
521,Paras,21,100000,#135 old bishan nagar patiala,male,8360386290
522,sanidhiya,25,1000000,#1366  rohini delhi,male,8754674737
523,yoo yep yoo,21,450000,#1988 bishan nagar patiala,male,8360999290
524,Infernape,21,10000,#1357 old nagar patiala,male,838789290
525,pikachu,5,100099,#13578 vintage ambala,male,838789290
526,Paras,21,100000,#135 old bishan nagar patiala,male,8360386290
527,sanidhiya,25,1000000,#1366  rohini delhi,male,8754674737
528,yoo yep yoo,21,450000,#1988 bishan nagar patiala,male,8360999290
529,Infernape,21,10000,#1357 old nagar patiala,male,838789290
530,pikachu,5,100099,#13578 vintage ambala,male,838789290
531,Paras,21,100000,#135 old bishan nagar patiala,male,8360386290
532,sanidhiya,25,1000000,#1366  rohini delhi,male,8754674737
533,yoo yep yoo,21,450000,#1988 bishan nagar patiala,male,8360999290
534,Infernape,21,10000,#1357 old nagar patiala,male,838789290
535,pikachu,5,100099,#13578 vintage ambala,male,838789290
536,Paras,21,100000,#135 old bishan nagar patiala,male,8360386290
537,sanidhiya,25,1000000,#1366  rohini delhi,male,8754674737
538,yoo yep yoo,21,450000,#1988 bishan nagar patiala,male,8360999290
539,Infernape,21,10000,#1357 old nagar patiala,male,838789290
540,pikachu,5,100099,#13578 vintage ambala,male,838789290
541,Paras,21,100000,#135 old bishan nagar patiala,male,8360386290
542,sanidhiya,25,1000000,#1366  rohini delhi,male,8754674737
543,yoo yep yoo,21,450000,#1988 bishan nagar patiala,male,8360999290
544,Infernape,21,10000,#1357 old nagar patiala,male,838789290
545,pikachu,5,100099,#13578 vintage ambala,male,838789290
546,Paras,21,100000,#135 old bishan nagar patiala,male,8360386290
547,sanidhiya,25,1000000,#1366  rohini delhi,male,8754674737
548,yoo yep yoo,21,450000,#1988 bishan nagar patiala,male,8360999290
549,Infernape,21,10000,#1357 old nagar patiala,male,838789290
550,pikachu,5,100099,#13578 vintage ambala,male,838789290
551,Paras,21,100000,#135 old bishan nagar patiala,male,8360386290
552,sanidhiya,25,1000000,#1366  rohini delhi,male,8754674737
553,yoo yep yoo,21,450000,#1988 bishan nagar patiala,male,8360999290
554,Infernape,21,10000,#1357 old nagar patiala,male,838789290
555,pikachu,5,100099,#13578 vintage ambala,male,838789290
556,Paras,21,100000,#135 old bishan nagar patiala,male,8360386290
557,sanidhiya,25,1000000,#1366  rohini delhi,male,8754674737
558,yoo yep yoo,21,450000,#1988 bishan nagar patiala,male,8360999290
559,Infernape,21,10000,#1357 old nagar patiala,male,838789290
560,pikachu,5,100099,#13578 vintage ambala,male,838789290
561,Paras,21,100000,#135 old bishan nagar patiala,male,8360386290
562,sanidhiya,25,1000000,#1366  rohini delhi,male,8754674737
563,yoo yep yoo,21,450000,#1988 bishan nagar patiala,male,8360999290
564,Infernape,21,10000,#1357 old nagar patiala,male,838789290
565,pikachu,5,100099,#13578 vintage ambala,male,838789290
566,Paras,21,100000,#135 old bishan nagar patiala,male,8360386290
567,sanidhiya,25,1000000,#1366  rohini delhi,male,8754674737
568,yoo yep yoo,21,450000,#1988 bishan nagar patiala,male,8360999290
569,Infernape,21,10000,#1357 old nagar patiala,male,838789290
570,pikachu,5,100099,#13578 vintage ambala,male,838789290
571,Paras,21,100000,#135 old bishan nagar patiala,male,8360386290
572,sanidhiya,25,1000000,#1366  rohini delhi,male,8754674737
573,yoo yep yoo,21,450000,#1988 bishan nagar patiala,male,8360999290
574,Infernape,21,10000,#1357 old nagar patiala,male,838789290
575,pikachu,5,100099,#13578 vintage ambala,male,838789290
576,Paras,21,100000,#135 old bishan nagar patiala,male,8360386290
577,sanidhiya,25,1000000,#1366  rohini delhi,male,8754674737
578,yoo yep yoo,21,450000,#1988 bishan nagar patiala,male,8360999290
579,Infernape,21,10000,#1357 old nagar patiala,male,838789290
580,pikachu,5,100099,#13578 vintage ambala,male,838789290
581,Paras,21,100000,#135 old bishan nagar patiala,male,8360386290
582,sanidhiya,25,1000000,#1366  rohini delhi,male,8754674737
583,yoo yep yoo,21,450000,#1988 bishan nagar patiala,male,8360999290
584,Infernape,21,10000,#1357 old nagar patiala,male,838789290
585,pikachu,5,100099,#13578 vintage ambala,male,838789290
586,Paras,21,100000,#135 old bishan nagar patiala,male,8360386290
587,sanidhiya,25,1000000,#1366  rohini delhi,male,8754674737
588,yoo yep yoo,21,450000,#1988 bishan nagar patiala,male,8360999290
589,Infernape,21,10000,#1357 old nagar patiala,male,838789290
590,pikachu,5,100099,#13578 vintage ambala,male,838789290
591,Paras,21,100000,#135 old bishan nagar patiala,male,8360386290
592,sanidhiya,25,1000000,#1366  rohini delhi,male,8754674737
593,yoo yep yoo,21,450000,#1988 bishan nagar patiala,male,8360999290
594,Infernape,21,10000,#1357 old nagar patiala,male,838789290
595,pikachu,5,100099,#13578 vintage ambala,male,838789290
596,Paras,21,100000,#135 old bishan nagar patiala,male,8360386290
597,sanidhiya,25,1000000,#1366  rohini delhi,male,8754674737
598,yoo yep yoo,21,450000,#1988 bishan nagar patiala,male,8360999290
599,Infernape,21,10000,#1357 old nagar patiala,male,838789290
600,pikachu,5,100099,#13578 vintage ambala,male,838789290
